CREATE TABLE a2Departments(
    deptCode        VARCHAR2(5)     PRIMARY KEY,
    deptName        VARCHAR2(100)   NOT NULL,
    officeNumber    VARCHAR2(5)     NOT NULL,
    displayOrder    NUMBER(2)
);

CREATE TABLE a2Employees(
    empID       NUMBER(5)       PRIMARY KEY,  
    firstName   VARCHAR2(30)    NOT NULL,
    lastName    VARCHAR2(30)    NOT NULL,
    prefix      VARCHAR2(5),
    sufix       VARCHAR2(5),
    isActive    CHAR(1)         NOT NULL        CHECK ( isActive IN ('Y', 'y', 'N', 'n')),
    SIN         NUMBER(9)       NOT NULL,
    DOB         DATE            NOT NULL,
    email       VARCHAR2(40)    NOT NULL,
    phone       VARCHAR2(12)    NOT NULL
);

CREATE TABLE a2Countries(
    countryCode     VARCHAR2(3)     PRIMARY KEY,
    countryName     VARCHAR2(50),
    continent       VARCHAR2(20),
    isActive        CHAR(1)         CHECK ( isActive IN ('Y', 'y', 'N', 'n'))
);

CREATE TABLE a2Term(
    termCode    VARCHAR2(5)     PRIMARY KEY,
    termName    VARCHAR2(11)    NOT NULL,
    startDate   DATE            NOT NULL,
    endDate     DATE            NOT NULL
);

CREATE TABLE a2Courses(
    courseCode     VARCHAR2(10)     PRIMARY KEY,  --PK
    courseName     VARCHAR2(60)     NOT NULL,
    isAvailable    CHAR(1)          NOT NULL        CHECK (isAvailable IN ('Y', 'y', 'N', 'n')),
    fieldName      VARCHAR2(20)
);

CREATE TABLE a2Professors(
    empID       NUMBER(5)       PRIMARY KEY,
    deptCode    VARCHAR2(5)     NOT NULL,
    isActive    CHAR(1)         NOT NULL        CHECK ( isActive IN ('Y', 'y', 'N', 'n'))
);

CREATE TABLE a2Programs(
    progCode        VARCHAR2(5)     PRIMARY KEY,
    progName        VARCHAR2(40)    NOT NULL,
    lengthYears     NUMBER(1),
    isCurrent       CHAR(1)         NOT NULL        CHECK (isCurrent IN ('Y', 'y', 'N', 'n')),
    deptCode        VARCHAR2(5)     NOT NULL  --FK
);

CREATE TABLE a2Students(
    studentID       NUMBER(10)      PRIMARY KEY,
    firstName       VARCHAR2(30)    NOT NULL,
    lastName        VARCHAR2(30)    NOT NULL, 
    DOB             DATE            NOT NULL,
    gender          CHAR(1), 
    email           VARCHAR2(40)    NOT NULL,
    homeCountry     VARCHAR2(3)     NOT NULL,  --FK 
    phone           VARCHAR2(12)    NOT NULL,
    advisorID       NUMBER(5)       --FK, it is empID 
);

CREATE TABLE a2Advisors(
    empID       NUMBER(5)       PRIMARY KEY,  --PK, FK
    isActive    CHAR(1)         NOT NULL CHECK ( isActive IN ('Y', 'y', 'N', 'n'))
);

CREATE TABLE a2Sections(
    sectionID       INT          GENERATED BY DEFAULT ON NULL AS IDENTITY  PRIMARY KEY,   --PK
    sectionLetter   VARCHAR2(5),
    courseCode      VARCHAR2(10),  --Fk
    termCode        VARCHAR2(5),   --FK
    profID          NUMBER(5)  --FK   it is professor table , empID
);


CREATE TABLE a2JNC_Prog_Students(
    progCode    VARCHAR2(5),
    studentID   NUMBER(10),
    isActive    CHAR(1)  CHECK ( isActive IN ('Y', 'y', 'N', 'n')),
    CONSTRAINT     a2JNC_Prog_Students_PK   
    PRIMARY KEY(progCode, studentID)   --compound PK
);

CREATE TABLE a2JNC_Prog_Courses(
    progCourseID    NUMBER      GENERATED BY DEFAULT ON NULL AS IDENTITY  PRIMARY KEY, --PK
    progCode        VARCHAR2(5),       --FK
    courseCode      VARCHAR2(10),     --FK
    isActive        CHAR(1)     CHECK ( isActive IN ('Y', 'y', 'N', 'n'))
);


CREATE TABLE a2JNC_Students_Section(
    sectionID       NUMBER,   --compound PK
    studentID       NUMBER(10),
    isActive        CHAR(1)     CHECK ( isActive IN ('Y', 'y', 'N', 'n')),
    marks           NUMBER(3), 
    CONSTRAINT     a2JNC_Students_Section_PK   
    PRIMARY KEY(sectionID, studentID)
);

SAVEPOINT tableCreation;

--add FK to a2Departments and a2Professors
ALTER TABLE  a2Professors
    ADD CONSTRAINT a2Professors_a2Departments_FK
    FOREIGN KEY(deptCode)
    REFERENCES a2Departments(deptCode);
    
-- add FK to a2Professors and a2Employees
ALTER TABLE  a2Professors
    ADD CONSTRAINT a2Professors_a2Employees_FK
    FOREIGN KEY(empID)
    REFERENCES a2Employees(empID);
    
--add FK to a2Departments and  a2Programs
ALTER TABLE  a2Programs
    ADD CONSTRAINT a2Departments_a2Programs_FK
    FOREIGN KEY(deptCode)
    REFERENCES a2Departments(deptCode);

-- add FK to a2Advisors and a2Employees  
ALTER TABLE  a2Advisors
    ADD CONSTRAINT a2Advisors_a2Employees_FK
    FOREIGN KEY(empID)
    REFERENCES a2Employees(empID);  

--add FK to a2Students and a2Advisors
ALTER TABLE  a2Students
    ADD CONSTRAINT a2Students_a2Advisors_FK
    FOREIGN KEY(advisorID)
    REFERENCES a2Advisors(empID);  

--add FK to a2Students and a2Countries
ALTER TABLE  a2Students
    ADD CONSTRAINT a2Students_a2Countries_FK
    FOREIGN KEY(homeCountry)
    REFERENCES a2Countries(countryCode);

--add FK to a2Sections, and a2Courses   
ALTER TABLE a2Sections
    ADD CONSTRAINT a2Sections_a2Courses_FK
    FOREIGN KEY(courseCode)
    REFERENCES a2Courses(courseCode);

--add FK to a2Sections, and a2Term  
ALTER TABLE a2Sections
    ADD CONSTRAINT a2Sections_a2Term_FK
    FOREIGN KEY(termCode)
    REFERENCES a2Term(termCode);

--add FK to a2Sections, and a2Professors 
ALTER TABLE a2Sections
    ADD CONSTRAINT a2Sections_a2Professors_FK
    FOREIGN KEY(profID)
    REFERENCES a2Professors(empID); 

--add FK to a2JNC_Prog_Students and a2Programs
ALTER TABLE a2JNC_Prog_Students
    ADD CONSTRAINT a2JNC_P_S_a2Programs_FK
    FOREIGN KEY(progCode)
    REFERENCES a2Programs(progCode);

--add FK to a2JNC_Prog_Students and a2Students
ALTER TABLE a2JNC_Prog_Students
    ADD CONSTRAINT a2JNC_P_S_a2Students_FK
    FOREIGN KEY(studentID)
    REFERENCES a2Students(studentID);

--add FK to a2JNC_Prog_Courses and a2Programs 
ALTER TABLE a2JNC_Prog_Courses
    ADD CONSTRAINT a2JNC_P_C_a2Programs_FK
    FOREIGN KEY(progCode)
    REFERENCES a2Programs(progCode);    

----add FK to a2JNC_Prog_Courses and a2Courses
ALTER TABLE a2JNC_Prog_Courses
    ADD CONSTRAINT a2JNC_P_C_a2Courses_FK
    FOREIGN KEY(courseCode)
    REFERENCES a2Courses(courseCode); 

----add FK to a2JNC_Students_Section and a2Section
ALTER TABLE a2JNC_Students_Section
    ADD CONSTRAINT a2JNC_S_S_a2Section_FK
    FOREIGN KEY(SectionID)
    REFERENCES a2Sections(SectionID);  

----add FK to a2JNC_Students_Section and a2Students
ALTER TABLE a2JNC_Students_Section
    ADD CONSTRAINT a2JNC_S_S_a2Students_FK
    FOREIGN KEY(studentID)
    REFERENCES a2Students(studentID);
    
SAVEPOINT fkCreation;

--insert records to a2Departments
INSERT INTO a2Departments (deptCode, deptName, officeNumber, displayOrder) VALUES ('NONE', 
    'Unknown', 'A0000', null);

INSERT INTO a2Departments (deptCode, deptName, officeNumber, displayOrder) VALUES ('ICT', 
    'School of Information and Communications Technology', 'A1206', 1);
    
INSERT INTO a2Departments (deptCode, deptName, officeNumber, displayOrder) VALUES ('BSA', 
    'School of Biological Sciences and Applied Chemistry', 'C2618', 2);
    
INSERT INTO a2Departments (deptCode, deptName, officeNumber, displayOrder) VALUES ('AFS', 
    'School of Accounting and Financial Services', 'C3018', 3);   
    
INSERT INTO a2Departments (deptCode, deptName, officeNumber, displayOrder) VALUES ('ELS', 
    'School of English and Liberal Studies', 'D2019', 4);        
    
SAVEPOINT insertDept;

--insert records to a2Countries
INSERT INTO a2Countries VALUES ('BR', 'Brazil', 'Americas', 'Y');
INSERT INTO a2Countries VALUES ('CN', 'China', 'Asia', 'Y');
INSERT INTO a2Countries VALUES ('PK', 'Pakistan', 'Asia', 'Y');
INSERT INTO a2Countries VALUES ('MX', 'Mexico', 'Americas', 'Y');
INSERT INTO a2Countries VALUES ('IN', 'India', 'Asia', 'Y');
INSERT INTO a2Countries VALUES ('KR', 'Korean', 'Asia', 'Y');
INSERT INTO a2Countries VALUES ('RU', 'Russian Federation', 'Europe', 'Y');
INSERT INTO a2Countries VALUES ('PH', 'Philipines', 'Asia', 'Y');
INSERT INTO a2Countries VALUES ('SZ', 'Swaziland', 'Africa', 'Y');
INSERT INTO a2Countries VALUES ('CA', 'Canada', 'Americas', 'Y');
INSERT INTO a2Countries VALUES ('AF', 'Afghanistan', 'Asia', 'Y');

SAVEPOINT insertCount;

--insert records to a2Term
INSERT INTO a2Term VALUES ('2018F', '2018Fall', TO_DATE('20180905', 'yyyymmdd'), TO_DATE('20181213', 'yyyymmdd'));
INSERT INTO a2Term VALUES ('2019W', '2019Winter', TO_DATE('20190103', 'yyyymmdd'), TO_DATE('20190416', 'yyyymmdd'));
INSERT INTO a2Term VALUES ('2019S', '2019Summer', TO_DATE('20190504', 'yyyymmdd'), TO_DATE('20190817', 'yyyymmdd'));
INSERT INTO a2Term VALUES ('2019F', '2019Fall', TO_DATE('20190907', 'yyyymmdd'), TO_DATE('20191206', 'yyyymmdd'));
INSERT INTO a2Term VALUES ('2020W', '2020Winter', TO_DATE('20200106', 'yyyymmdd'), TO_DATE('20200415', 'yyyymmdd'));
INSERT INTO a2Term VALUES ('2020S', '2020Summer', TO_DATE('20200503', 'yyyymmdd'), TO_DATE('20200815', 'yyyymmdd'));
INSERT INTO a2Term VALUES ('2020F', '2020Fall', TO_DATE('20200901', 'yyyymmdd'), TO_DATE('20201218', 'yyyymmdd'));

SAVEPOINT insertTerm;

--insert records to a2Courses
INSERT INTO a2Courses VALUES ('IPC144', 'Programming Using C', 'Y', 'IT');
INSERT INTO a2Courses VALUES ('APC100', 'Applied Professional Communications', 'Y', 'General Course');
INSERT INTO a2Courses VALUES ('CPR101', 'Computer Principles for Programmers', 'Y', 'IT');
INSERT INTO a2Courses VALUES ('COM101', 'Communicating Across Contexts', 'Y', 'General Course');
INSERT INTO a2Courses VALUES ('ULI101', 'UNIX/Linux and the Internet', 'Y', 'IT');
INSERT INTO a2Courses VALUES ('OOP244', 'Object Oriented Programming', 'Y', 'IT');
INSERT INTO a2Courses VALUES ('WEB222', 'Web Programming Principles', 'Y', 'IT');
INSERT INTO a2Courses VALUES ('DCF255', 'Data Communications Fundamentals', 'Y', 'IT');
INSERT INTO a2Courses VALUES ('DBS201', 'Database Design and SQL', 'Y', 'IT');
INSERT INTO a2Courses VALUES ('EAC207', 'English and Communications', 'Y', 'General Course');
INSERT INTO a2Courses VALUES ('WEB322', 'Web Programming Principles', 'Y', 'IT');
INSERT INTO a2Courses VALUES ('PSY206', 'Personality and Abnormal Behaviour', 'Y', 'General Course');
INSERT INTO a2Courses VALUES ('OOP345', 'Object Oriented Programming C++', 'Y', 'IT');
INSERT INTO a2Courses VALUES ('DBS301', 'Database DesignII and SQL Using Oracle', 'Y', 'IT');
INSERT INTO a2Courses VALUES ('SYS366', 'Requirements Using OO Models', 'Y', 'IT');
INSERT INTO a2Courses VALUES ('CUL610', 'China and the World', 'Y', 'IT');
INSERT INTO a2Courses VALUES ('EAP500', 'Developmental English', 'Y', 'General Course');
INSERT INTO a2Courses VALUES ('BCI433', 'IBM Business Computing', 'Y', 'IT');
INSERT INTO a2Courses VALUES ('JAC444', 'Introduction to Java for C++ Programmers', 'Y', 'IT');
INSERT INTO a2Courses VALUES ('SYS466', 'Analysis and Design Using OO Models', 'Y', 'IT');
INSERT INTO a2Courses VALUES ('WEB422', 'Web Programming for Apps and Services', 'Y', 'IT');
INSERT INTO a2Courses VALUES ('EAC594', 'Business Communication for the Digital Workplace', 'Y', 'General Course');
INSERT INTO a2Courses VALUES ('EAC217', 'Short Story', 'Y', 'General Course');
--Professional Selection
INSERT INTO a2Courses VALUES ('PRJ566', 'Project Planning and Management', 'Y', 'IT');
INSERT INTO a2Courses VALUES ('PRJ666', 'Project Implementation', 'Y', 'IT');
INSERT INTO a2Courses VALUES ('CVI620', 'Computer Vision', 'Y', 'IT');
INSERT INTO a2Courses VALUES ('DBS501', 'Stored Procedures Using Oracles PL/SQL', 'Y', 'IT');
INSERT INTO a2Courses VALUES ('DBT544', 'DB2', 'Y', 'IT');
INSERT INTO a2Courses VALUES ('DSA555', 'Data Structures and Algorithms in C++', 'Y', 'IT');
INSERT INTO a2Courses VALUES ('MAP523', 'Mobile App Development - iOS', 'Y', 'IT');
INSERT INTO a2Courses VALUES ('MAP525', 'Mobile App Development for IBM i', 'Y', 'IT');
INSERT INTO a2Courses VALUES ('SDR520', 'Software Design for Robotics Applications', 'Y', 'IT');
INSERT INTO a2Courses VALUES ('WEB524', 'Web Programming Using ASP.NET', 'Y', 'IT');
INSERT INTO a2Courses VALUES ('MAP526', 'Mobile App Development-Cross Platform', 'Y', 'IT');


SAVEPOINT insertCourses;

--insert records to a2Employees
INSERT INTO a2Employees(empID, firstName, lastName, isActive, SIN, DOB, email, phone)
     VALUES (00001, 'Unkown', 'Unkown', 'Y', '000000000',TO_DATE('19000101', 'yyyymmdd'), 'unknown@myseneca.ca', 'unknown');

INSERT INTO a2Employees(empID, firstName, lastName, isActive, SIN, DOB, email, phone)
     VALUES (10100, 'Tamana', 'Chhabra', 'Y', '147258963',TO_DATE('19791012', 'yyyymmdd'), 'Tamana@myseneca.ca', '647147852');

INSERT INTO a2Employees(empID, firstName, lastName, isActive, SIN, DOB, email, phone)
     VALUES (10101, 'William', 'Wong', 'Y', '247248913',TO_DATE('19690122', 'yyyymmdd'), 'William12@myseneca.ca', '4165563124');

INSERT INTO a2Employees(empID, firstName, lastName, isActive, SIN, DOB, email, phone)
     VALUES (10102, 'Mosher', 'Lakser', 'Y', '597441117',TO_DATE('19800217', 'yyyymmdd'), 'MosherL@myseneca.ca', '6479952845');

INSERT INTO a2Employees(empID, firstName, lastName, isActive, SIN, DOB, email, phone)
     VALUES (10103, 'Aliakbar', 'Baharikhoob', 'Y', '369885711',TO_DATE('19601115', 'yyyymmdd'), 'AliakbarB@myseneca.ca', '6469632145');

INSERT INTO a2Employees(empID, firstName, lastName, isActive, SIN, DOB, email, phone)
     VALUES (10104, 'Mary', 'Elsisi ', 'Y', '407401545',TO_DATE('19620814', 'yyyymmdd'), 'Mary1962@myseneca.ca', '6478882581');

INSERT INTO a2Employees(empID, firstName, lastName, isActive, SIN, DOB, email, phone)
     VALUES (10105, 'Hong', 'Huang', 'Y', '105501549',TO_DATE('19880925', 'yyyymmdd'), 'HongHuang@myseneca.ca', '4198852587');

INSERT INTO a2Employees(empID, firstName, lastName, isActive, SIN, DOB, email, phone)
     VALUES (10106, 'Clint', 'MacDonald', 'Y', '305599541',TO_DATE('19680922', 'yyyymmdd'), 'ClintM@myseneca.ca', '4164452525');
     
INSERT INTO a2Employees(empID, firstName, lastName, isActive, SIN, DOB, email, phone)
     VALUES (10107, 'Ron', 'Tarr', 'Y', '441125547',TO_DATE('19680922', 'yyyymmdd'), 'RonTarr@myseneca.ca', '6477752512');

INSERT INTO a2Employees(empID, firstName, lastName, isActive, SIN, DOB, email, phone)
     VALUES (10108, 'Robert', 'Stewart', 'Y', '748525587',TO_DATE('19590524', 'yyyymmdd'), 'Robert1959@myseneca.ca', '6476963333');

INSERT INTO a2Employees(empID, firstName, lastName, isActive, SIN, DOB, email, phone)
     VALUES (10502, 'Chris', 'Park', 'Y', '188527890',TO_DATE('19890719', 'yyyymmdd'), 'ChrisPark89@myseneca.ca', '6474568211');

INSERT INTO a2Employees(empID, firstName, lastName, isActive, SIN, DOB, email, phone)
     VALUES (10528, 'Jenny', 'Smith', 'Y', '980027654',TO_DATE('19921220', 'yyyymmdd'), 'Jenny963@myseneca.ca', '9934568584');

INSERT INTO a2Employees(empID, firstName, lastName, isActive, SIN, DOB, email, phone)
     VALUES (10110, 'Peter', 'Liu', 'Y', '106527652',TO_DATE('19621024', 'yyyymmdd'), 'Peter.Liu@myseneca.ca', '6474561111');

INSERT INTO a2Employees(empID, firstName, lastName, isActive, SIN, DOB, email, phone)
     VALUES (10118, 'Tanvir', 'Alam', 'Y', '100025863',TO_DATE('19770118', 'yyyymmdd'), 'TanvirAlam@myseneca.ca', '6479925623');

INSERT INTO a2Employees(empID, firstName, lastName, isActive, SIN, DOB, email, phone)
     VALUES (10120, 'Najma', 'Ismat ', 'Y', '944425553',TO_DATE('19700219', 'yyyymmdd'), 'Najma22@myseneca.ca', '6476523147');

INSERT INTO a2Employees(empID, firstName, lastName, isActive, SIN, DOB, email, phone)
     VALUES (10121, 'Lydia', 'Lee', 'Y', '788825354', TO_DATE('19600425', 'yyyymmdd'), 'Lydia98@myseneca.ca', '6473698524');

INSERT INTO a2Employees(empID, firstName, lastName, isActive, SIN, DOB, email, phone)
     VALUES (10122, 'Nour', 'Hossian', 'Y', '805234811', TO_DATE('19800930', 'yyyymmdd'), 'Nour.h@myseneca.ca', '6473698524');

INSERT INTO a2Employees(empID, firstName, lastName, isActive, SIN, DOB, email, phone)
     VALUES (10125, 'Jack', 'Berman', 'Y', '115554885', TO_DATE('19751112', 'yyyymmdd'), 'Jack252@myseneca.ca', '6476368529');

INSERT INTO a2Employees(empID, firstName, lastName, isActive, SIN, DOB, email, phone)
     VALUES (10198, 'Donna', 'Frank', 'Y', '785555241', TO_DATE('19451024', 'yyyymmdd'), 'DannaFrank@myseneca.ca', '4166368552');

INSERT INTO a2Employees(empID, firstName, lastName, isActive, SIN, DOB, email, phone)
     VALUES (10124, 'Asam', 'Gulaid', 'Y', '525558249', TO_DATE('19750529', 'yyyymmdd'), 'AsamG@myseneca.ca', '6476992556');

INSERT INTO a2Employees(empID, firstName, lastName, isActive, SIN, DOB, email, phone)
     VALUES (10180, 'Erik', 'Schomann', 'Y', '125558542', TO_DATE('19730111', 'yyyymmdd'), 'ericSchG@myseneca.ca', '6476972589');

INSERT INTO a2Employees(empID, firstName, lastName, isActive, SIN, DOB, email, phone)
     VALUES (10115, 'Cindy', 'Laurin', 'Y', '445555578', TO_DATE('19550822', 'yyyymmdd'), 'cindylauin@myseneca.ca', '6475552575');

INSERT INTO a2Employees(empID, firstName, lastName, isActive, SIN, DOB, email, phone)
     VALUES (10190, 'Jenny', 'Doueng', 'Y', '465555574', TO_DATE('19850513', 'yyyymmdd'), 'Jenny189@myseneca.ca', '6475552888');

INSERT INTO a2Employees(empID, firstName, lastName, isActive, SIN, DOB, email, phone)
     VALUES (10199, 'Mary', 'Jane', 'Y', '265585579', TO_DATE('19860829', 'yyyymmdd'), 'maryJane@myseneca.ca', '6475852989');
     
INSERT INTO a2Employees(empID, firstName, lastName, isActive, SIN, DOB, email, phone)
     VALUES (10185, 'Betrice', 'Lee', 'Y', '765595550', TO_DATE('19560812', 'yyyymmdd'), 'betrice@myseneca.ca', '6475552911');     

INSERT INTO a2Employees(empID, firstName, lastName, isActive, SIN, DOB, email, phone)
     VALUES (10201, 'Jeannine', 'Maxfield', 'Y', '123456001', TO_DATE('19790711', 'yyyymmdd'), 'jeannine.Maxfield@myseneca.ca', '6471230001');

INSERT INTO a2Employees(empID, firstName, lastName, isActive, SIN, DOB, email, phone)
     VALUES (10202, 'Ian', 'Tipson', 'Y', '123456002', TO_DATE('19530120', 'yyyymmdd'), 'ian.tipson@myseneca.ca', '6471230002');

INSERT INTO a2Employees(empID, firstName, lastName, isActive, SIN, DOB, email, phone)
     VALUES (10203, 'Sheryl', 'Minnett', 'Y', '123456003', TO_DATE('19790128', 'yyyymmdd'), 'Sheryl.Minnett@myseneca.ca', '6471230003');

INSERT INTO a2Employees(empID, firstName, lastName, isActive, SIN, DOB, email, phone)
     VALUES (10204, 'Nargis', 'Khan', 'Y', '123456004', TO_DATE('19790127', 'yyyymmdd'), 'Nargis.Khan@myseneca.ca', '6471230004');

INSERT INTO a2Employees(empID, firstName, lastName, isActive, SIN, DOB, email, phone)
     VALUES (10205, 'Nick', 'Romanidis', 'Y', '123456005', TO_DATE('19790126', 'yyyymmdd'), 'Nick.Romanidis@myseneca.ca', '6471230005');
    
INSERT INTO a2Employees(empID, firstName, lastName, isActive, SIN, DOB, email, phone)
     VALUES (10206, 'Azzad', 'Kara', 'Y', '123456006', TO_DATE('19790125', 'yyyymmdd'), 'Azzad.Kara@myseneca.ca', '6471230006');

INSERT INTO a2Employees(empID, firstName, lastName, isActive, SIN, DOB, email, phone)
     VALUES (10207, 'Daminni', 'Grover', 'Y', '123456007', TO_DATE('19790124', 'yyyymmdd'), 'Daminni.Grover@myseneca.ca', '6471230007');

INSERT INTO a2Employees(empID, firstName, lastName, isActive, SIN, DOB, email, phone)
     VALUES (10208, 'Muath', 'Alzghool', 'Y', '123456008', TO_DATE('19790124', 'yyyymmdd'), 'Muath.Alzghool@myseneca.ca', '6471230008');

INSERT INTO a2Employees(empID, firstName, lastName, isActive, SIN, DOB, email, phone)
     VALUES (10209, 'Anthony', 'Matthew', 'Y', '123456009', TO_DATE('19790123', 'yyyymmdd'), 'Anthony.Matthew@myseneca.ca', '6471230009');
     
INSERT INTO a2Employees(empID, firstName, lastName, isActive, SIN, DOB, email, phone)
     VALUES (10210, 'Nathan', 'Misener', 'Y', '906874384',TO_DATE('19701016', 'yyyymmdd'), 'nathan.misener@myseneca.ca', '6471437463');

INSERT INTO a2Employees(empID, firstName, lastName, isActive, SIN, DOB, email, phone)
     VALUES (10211, 'Kadeem', 'Best', 'Y', '974658673', TO_DATE('19881219', 'yyyymmdd'), 'kadeem.best@myseneca.ca', '6478355378');
     
SAVEPOINT insertEmp;  

--insert records to a2Professors
INSERT INTO a2Professors(empID, deptCode, isActive) VALUES (00001, 'NONE', 'Y');
INSERT INTO a2Professors(empID, deptCode, isActive) VALUES (10115, 'ICT', 'Y');
INSERT INTO a2Professors(empID, deptCode, isActive) VALUES (10100, 'ICT', 'Y');
INSERT INTO a2Professors(empID, deptCode, isActive) VALUES (10101, 'BSA', 'Y');
INSERT INTO a2Professors(empID, deptCode, isActive) VALUES (10102, 'ELS', 'Y');
INSERT INTO a2Professors(empID, deptCode, isActive) VALUES (10103, 'ICT', 'Y');
INSERT INTO a2Professors(empID, deptCode, isActive) VALUES (10104, 'ELS', 'Y');
INSERT INTO a2Professors(empID, deptCode, isActive) VALUES (10105, 'ICT', 'Y');
INSERT INTO a2Professors(empID, deptCode, isActive) VALUES (10106, 'ICT', 'Y');
INSERT INTO a2Professors(empID, deptCode, isActive) VALUES (10107, 'ICT', 'Y');
INSERT INTO a2Professors(empID, deptCode, isActive) VALUES (10108, 'AFS', 'Y');
INSERT INTO a2Professors(empID, deptCode, isActive) VALUES (10502, 'AFS', 'Y');
INSERT INTO a2Professors(empID, deptCode, isActive) VALUES (10528, 'ELS', 'Y');
INSERT INTO a2Professors(empID, deptCode, isActive) VALUES (10110, 'ICT', 'Y');
INSERT INTO a2Professors(empID, deptCode, isActive) VALUES (10118, 'ICT', 'Y');
INSERT INTO a2Professors(empID, deptCode, isActive) VALUES (10120, 'ICT', 'Y');
INSERT INTO a2Professors(empID, deptCode, isActive) VALUES (10121, 'ICT', 'Y');
INSERT INTO a2Professors(empID, deptCode, isActive) VALUES (10122, 'ICT', 'Y');
INSERT INTO a2Professors(empID, deptCode, isActive) VALUES (10125, 'ELS', 'Y');
INSERT INTO a2Professors(empID, deptCode, isActive) VALUES (10198, 'ELS', 'Y');
INSERT INTO a2Professors(empID, deptCode, isActive) VALUES (10124, 'ICT', 'Y');
INSERT INTO a2Professors(empID, deptCode, isActive) VALUES (10180, 'ELS', 'Y');
INSERT INTO a2Professors(empID, deptCode, isActive) VALUES (10190, 'AFS', 'Y');
INSERT INTO a2Professors(empID, deptCode, isActive) VALUES (10201, 'ELS', 'Y');
INSERT INTO a2Professors(empID, deptCode, isActive) VALUES (10202, 'ICT', 'Y');
INSERT INTO a2Professors(empID, deptCode, isActive) VALUES (10203, 'ELS', 'Y');
INSERT INTO a2Professors(empID, deptCode, isActive) VALUES (10204, 'ICT', 'Y');
INSERT INTO a2Professors(empID, deptCode, isActive) VALUES (10205, 'ICT', 'Y');
INSERT INTO a2Professors(empID, deptCode, isActive) VALUES (10206, 'ICT', 'Y');
INSERT INTO a2Professors(empID, deptCode, isActive) VALUES (10207, 'ICT', 'Y');
INSERT INTO a2Professors(empID, deptCode, isActive) VALUES (10208, 'ICT', 'Y');
INSERT INTO a2Professors(empID, deptCode, isActive) VALUES (10209, 'ELS', 'Y');
INSERT INTO a2Professors(empID, deptCode, isActive) VALUES (10210, 'ICT', 'Y');
INSERT INTO a2Professors(empID, deptCode, isActive) VALUES (10211, 'ICT', 'Y');
SAVEPOINT insertProf;

--insert records to a2Advisors
INSERT INTO a2Advisors(empID, isActive) VALUES (10199, 'Y');
INSERT INTO a2Advisors(empID, isActive) VALUES (10185, 'Y');
SAVEPOINT insertAdvisors;


--insert records to a2Students
INSERT INTO a2Students VALUES (144341187, 'Pei', 'Wang', To_DATE('19801025', 'yyyymmdd'), 
   'F', 'pwang86@myseneca.ca', 'CN', '6479295248', 10185);
   
INSERT INTO a2Students VALUES (121134183, 'Jiawei', 'Yang', To_DATE('19881116', 'yyyymmdd'), 
   'M', 'jyang210@myseneca.ca', 'CN', '6478773008', 10199);

INSERT INTO a2Students VALUES (142358167, 'Yushi', 'Xie', To_DATE('19910403', 'yyyymmdd'), 
   'F', 'yxie68@myseneca.ca', 'CN', '6479944321', 10199);

INSERT INTO a2Students VALUES (150249183, 'Sumanth', 'YJ', To_DATE('19910116', 'yyyymmdd'), 
   'M', 'jsyelamanchili@myseneca.ca', 'IN', '2899461543', 10185);

SAVEPOINT insertStudents;


--insert records to a2Programs
INSERT INTO a2Programs VALUES ('CPA', 'Computer programming And Analysis', 3, 'Y', 'ICT');
INSERT INTO a2Programs VALUES ('CPD', 'Computer programmer', 2, 'Y', 'ICT');
SAVEPOINT insertPrograms;


--insert records to a2Sections
--Jiawei's first and second semester.
INSERT INTO a2Sections (sectionLetter, courseCode, termCode, profID) VALUES ('BAA', 'IPC144', '2018F', 10202);
INSERT INTO a2Sections (sectionLetter, courseCode, termCode, profID) VALUES ('BAB', 'APC100', '2018F', 10203);
INSERT INTO a2Sections (sectionLetter, courseCode, termCode, profID) VALUES ('BAC', 'CPR101', '2018F', 10204);
INSERT INTO a2Sections (sectionLetter, courseCode, termCode, profID) VALUES ('BAD', 'ULI101', '2018F', 10206);
INSERT INTO a2Sections (sectionLetter, courseCode, termCode, profID) VALUES ('BAE', 'EAP500', '2018F', 10201);

INSERT INTO a2Sections (sectionLetter, courseCode, termCode, profID) VALUES ('BBA', 'COM101', '2019W', 10209);
INSERT INTO a2Sections (sectionLetter, courseCode, termCode, profID) VALUES ('BBB', 'OOP244', '2019W', 10110);
INSERT INTO a2Sections (sectionLetter, courseCode, termCode, profID) VALUES ('BBC', 'WEB222', '2019W', 10208);
INSERT INTO a2Sections (sectionLetter, courseCode, termCode, profID) VALUES ('BBD', 'DCF255', '2019W', 10207);
INSERT INTO a2Sections (sectionLetter, courseCode, termCode, profID) VALUES ('BBE', 'DBS201', '2019W', 10121);

INSERT INTO a2Sections (sectionLetter, courseCode, termCode, profID) VALUES ('NGG', 'OOP345', '2019F', 10124);
INSERT INTO a2Sections (sectionLetter, courseCode, termCode, profID) VALUES ('NAA', 'DBS301', '2019F', 10106);
INSERT INTO a2Sections (sectionLetter, courseCode, termCode, profID) VALUES ('NAA', 'WEB322', '2019F', 10208);
INSERT INTO a2Sections (sectionLetter, courseCode, termCode, profID) VALUES ('NAA', 'SYS366', '2019F', 10115);
INSERT INTO a2Sections (sectionLetter, courseCode, termCode, profID) VALUES ('NBB', 'CUL610', '2019F', 10180);

INSERT INTO a2Sections (sectionLetter, courseCode, termCode, profID) VALUES ('NAA', 'JAC444', '2020W', 00001);
INSERT INTO a2Sections (sectionLetter, courseCode, termCode, profID) VALUES ('NBB', 'SYS466', '2020W', 00001);
INSERT INTO a2Sections (sectionLetter, courseCode, termCode, profID) VALUES ('NCC', 'WEB422', '2020W', 00001);
INSERT INTO a2Sections (sectionLetter, courseCode, termCode, profID) VALUES ('NDD', 'EAC594', '2020W', 00001);

INSERT INTO a2Sections (sectionLetter, courseCode, termCode, profID) VALUES ('NAA', 'PRJ566', '2020S', 00001);
INSERT INTO a2Sections (sectionLetter, courseCode, termCode, profID) VALUES ('NBB', 'CVI620', '2020S', 00001);
INSERT INTO a2Sections (sectionLetter, courseCode, termCode, profID) VALUES ('NCC', 'DBS501', '2020S', 00001);
INSERT INTO a2Sections (sectionLetter, courseCode, termCode, profID) VALUES ('NDD', 'DBT544', '2020S', 00001);
INSERT INTO a2Sections (sectionLetter, courseCode, termCode, profID) VALUES ('NDD', 'DSA555', '2020S', 00001);

INSERT INTO a2Sections (sectionLetter, courseCode, termCode, profID) VALUES ('NAA', 'PRJ666', '2020F', 00001);
INSERT INTO a2Sections (sectionLetter, courseCode, termCode, profID) VALUES ('NBB', 'MAP523', '2020F', 00001);
INSERT INTO a2Sections (sectionLetter, courseCode, termCode, profID) VALUES ('NCC', 'MAP525', '2020F', 00001);
INSERT INTO a2Sections (sectionLetter, courseCode, termCode, profID) VALUES ('NDD', 'SDR520', '2020F', 00001);
INSERT INTO a2Sections (sectionLetter, courseCode, termCode, profID) VALUES ('NDD', 'WEB524', '2020F', 00001);

--Yushi
INSERT INTO a2Sections (sectionLetter, courseCode, termCode, profID) VALUES ('BAB', 'IPC144', '2018F', 10210);

INSERT INTO a2Sections (sectionLetter, courseCode, termCode, profID) VALUES ('BBA', 'COM101', '2019S', 10209);
INSERT INTO a2Sections (sectionLetter, courseCode, termCode, profID) VALUES ('BBB', 'OOP244', '2019S', 10110);
INSERT INTO a2Sections (sectionLetter, courseCode, termCode, profID) VALUES ('BBC', 'WEB222', '2019S', 10208);
INSERT INTO a2Sections (sectionLetter, courseCode, termCode, profID) VALUES ('BBD', 'DCF255', '2019S', 10207);
INSERT INTO a2Sections (sectionLetter, courseCode, termCode, profID) VALUES ('BBE', 'DBS201', '2019S', 10121);

INSERT INTO a2Sections (sectionLetter, courseCode, termCode, profID) VALUES ('NEE', 'OOP345', '2019F', 10124);
INSERT INTO a2Sections (sectionLetter, courseCode, termCode, profID) VALUES ('NCC', 'WEB322', '2019F', 10211);

--Sumanth
INSERT INTO a2Sections (sectionLetter, courseCode, termCode, profID) VALUES ('BAB', 'IPC144', '2019W', 10210);
INSERT INTO a2Sections (sectionLetter, courseCode, termCode, profID) VALUES ('BAB', 'APC100', '2019W', 10203);
INSERT INTO a2Sections (sectionLetter, courseCode, termCode, profID) VALUES ('BAC', 'CPR101', '2019W', 10204);
INSERT INTO a2Sections (sectionLetter, courseCode, termCode, profID) VALUES ('BAD', 'ULI101', '2019W', 10206);
INSERT INTO a2Sections (sectionLetter, courseCode, termCode, profID) VALUES ('BAE', 'EAP500', '2019W', 10201);



--Pei 
INSERT INTO a2Sections (sectionLetter, courseCode, termCode, profID) VALUES ('CAA', 'IPC144', '2018F', 10100);
INSERT INTO a2Sections (sectionLetter, courseCode, termCode, profID) VALUES ('BBA', 'APC100', '2018F', 10102);
INSERT INTO a2Sections (sectionLetter, courseCode, termCode, profID) VALUES ('BCC', 'CPR101', '2018F', 10103);
INSERT INTO a2Sections (sectionLetter, courseCode, termCode, profID) VALUES ('BCC', 'ULI101', '2018F', 10105);
INSERT INTO a2Sections (sectionLetter, courseCode, termCode, profID) VALUES ('CBB', 'COM101', '2018F', 10104);

INSERT INTO a2Sections (sectionLetter, courseCode, termCode, profID) VALUES ('NBC', 'WEB222', '2019W', 10118);
INSERT INTO a2Sections (sectionLetter, courseCode, termCode, profID) VALUES ('CBC', 'DCF255', '2019W', 10120);


INSERT INTO a2Sections (sectionLetter, courseCode, termCode, profID) VALUES ('BBB', 'EAC217', '2019S', 10125);
INSERT INTO a2Sections (sectionLetter, courseCode, termCode, profID) VALUES ('CBB', 'WEB322', '2019S', 10118);
INSERT INTO a2Sections (sectionLetter, courseCode, termCode, profID) VALUES ('NBL', 'PSY206', '2019S', 10120);

--INSERT INTO a2Sections (sectionLetter, courseCode, termCode, profID) VALUES ('NGG', 'OOP345', '2019F', 10124);
--INSERT INTO a2Sections (sectionLetter, courseCode, termCode, profID) VALUES ('NAA', 'DBS301', '2019F', 10106);
--INSERT INTO a2Sections (sectionLetter, courseCode, termCode, profID) VALUES ('NAA', 'SYS366', '2019F', 10115);
--INSERT INTO a2Sections (sectionLetter, courseCode, termCode, profID) VALUES ('NBB', 'CUL610', '2019F', 10180);

INSERT INTO a2Sections (sectionLetter, courseCode, termCode, profID) VALUES ('NAA', 'JAC444', '2020W', 00001);
INSERT INTO a2Sections (sectionLetter, courseCode, termCode, profID) VALUES ('NBB', 'MAP526', '2020W', 00001);
INSERT INTO a2Sections (sectionLetter, courseCode, termCode, profID) VALUES ('NCC', 'BCI433', '2020W', 00001);
INSERT INTO a2Sections (sectionLetter, courseCode, termCode, profID) VALUES ('NDD', 'EAC594', '2020W', 00001);

INSERT ALL
    --Jiawei's 
    INTO a2JNC_Prog_Students VALUES ('CPA', 121134183, 'Y')
    --Yushi's 
    INTO a2JNC_Prog_Students VALUES ('CPA', 142358167, 'Y')
    --Sumanth's 
    INTO a2JNC_Prog_Students VALUES ('CPD', 150249183, 'Y')
    --Pei's 
    INTO a2JNC_Prog_Students VALUES ('CPA', 144341187, 'Y')
    
    SELECT 1 FROM dual;


--insert records for a2JNC_Prog_Courses 
--Jiawei
INSERT INTO a2JNC_Prog_Courses (progCode, courseCode, isActive) VALUES ('CPA', 'IPC144', 'Y');
INSERT INTO a2JNC_Prog_Courses (progCode, courseCode, isActive) VALUES ('CPA', 'APC100', 'Y');
INSERT INTO a2JNC_Prog_Courses (progCode, courseCode, isActive) VALUES ('CPA', 'CPR101', 'Y');
INSERT INTO a2JNC_Prog_Courses (progCode, courseCode, isActive) VALUES ('CPA', 'COM101', 'Y');
INSERT INTO a2JNC_Prog_Courses (progCode, courseCode, isActive) VALUES ('CPA', 'ULI101', 'Y');
INSERT INTO a2JNC_Prog_Courses (progCode, courseCode, isActive) VALUES ('CPA', 'OOP244', 'Y');
INSERT INTO a2JNC_Prog_Courses (progCode, courseCode, isActive) VALUES ('CPA', 'WEB222', 'Y');
INSERT INTO a2JNC_Prog_Courses (progCode, courseCode, isActive) VALUES ('CPA', 'DCF255', 'Y');
INSERT INTO a2JNC_Prog_Courses (progCode, courseCode, isActive) VALUES ('CPA', 'DBS201', 'Y');
INSERT INTO a2JNC_Prog_Courses (progCode, courseCode, isActive) VALUES ('CPA', 'EAC207', 'Y');
INSERT INTO a2JNC_Prog_Courses (progCode, courseCode, isActive) VALUES ('CPA', 'WEB322', 'Y');
INSERT INTO a2JNC_Prog_Courses (progCode, courseCode, isActive) VALUES ('CPA', 'PSY206', 'Y');
INSERT INTO a2JNC_Prog_Courses (progCode, courseCode, isActive) VALUES ('CPA', 'OOP345', 'Y');
INSERT INTO a2JNC_Prog_Courses (progCode, courseCode, isActive) VALUES ('CPA', 'DBS301', 'Y');
INSERT INTO a2JNC_Prog_Courses (progCode, courseCode, isActive) VALUES ('CPA', 'SYS366', 'Y');
INSERT INTO a2JNC_Prog_Courses (progCode, courseCode, isActive) VALUES ('CPA', 'CUL610', 'Y');
INSERT INTO a2JNC_Prog_Courses (progCode, courseCode, isActive) VALUES ('CPA', 'EAP500', 'Y');
INSERT INTO a2JNC_Prog_Courses (progCode, courseCode, isActive) VALUES ('CPA', 'BCI433', 'Y');
INSERT INTO a2JNC_Prog_Courses (progCode, courseCode, isActive) VALUES ('CPA', 'JAC444', 'Y');
INSERT INTO a2JNC_Prog_Courses (progCode, courseCode, isActive) VALUES ('CPA', 'SYS466', 'Y');
INSERT INTO a2JNC_Prog_Courses (progCode, courseCode, isActive) VALUES ('CPA', 'WEB422', 'Y');
INSERT INTO a2JNC_Prog_Courses (progCode, courseCode, isActive) VALUES ('CPA', 'EAC594', 'Y');

INSERT INTO a2JNC_Prog_Courses (progCode, courseCode, isActive) VALUES ('CPD', 'IPC144', 'Y');
INSERT INTO a2JNC_Prog_Courses (progCode, courseCode, isActive) VALUES ('CPD', 'APC100', 'Y');
INSERT INTO a2JNC_Prog_Courses (progCode, courseCode, isActive) VALUES ('CPD', 'CPR101', 'Y');
INSERT INTO a2JNC_Prog_Courses (progCode, courseCode, isActive) VALUES ('CPD', 'COM101', 'Y');
INSERT INTO a2JNC_Prog_Courses (progCode, courseCode, isActive) VALUES ('CPD', 'ULI101', 'Y');
INSERT INTO a2JNC_Prog_Courses (progCode, courseCode, isActive) VALUES ('CPD', 'OOP244', 'Y');
INSERT INTO a2JNC_Prog_Courses (progCode, courseCode, isActive) VALUES ('CPD', 'WEB222', 'Y');
INSERT INTO a2JNC_Prog_Courses (progCode, courseCode, isActive) VALUES ('CPD', 'DCF255', 'Y');
INSERT INTO a2JNC_Prog_Courses (progCode, courseCode, isActive) VALUES ('CPD', 'DBS201', 'Y');
INSERT INTO a2JNC_Prog_Courses (progCode, courseCode, isActive) VALUES ('CPD', 'EAC207', 'Y');
INSERT INTO a2JNC_Prog_Courses (progCode, courseCode, isActive) VALUES ('CPD', 'WEB322', 'Y');
INSERT INTO a2JNC_Prog_Courses (progCode, courseCode, isActive) VALUES ('CPD', 'OOP345', 'Y');
INSERT INTO a2JNC_Prog_Courses (progCode, courseCode, isActive) VALUES ('CPD', 'DBS301', 'Y');
INSERT INTO a2JNC_Prog_Courses (progCode, courseCode, isActive) VALUES ('CPD', 'SYS366', 'Y');
INSERT INTO a2JNC_Prog_Courses (progCode, courseCode, isActive) VALUES ('CPD', 'BCI433', 'Y');
INSERT INTO a2JNC_Prog_Courses (progCode, courseCode, isActive) VALUES ('CPD', 'JAC444', 'Y');
INSERT INTO a2JNC_Prog_Courses (progCode, courseCode, isActive) VALUES ('CPD', 'EAC594', 'Y');

INSERT INTO a2JNC_Prog_Courses (progCode, courseCode, isActive) VALUES ('CPD', 'DBT544', 'Y');
--Professional Selection
INSERT INTO a2JNC_Prog_Courses (progCode, courseCode, isActive) VALUES ('CPA', 'PRJ566', 'Y');
INSERT INTO a2JNC_Prog_Courses (progCode, courseCode, isActive) VALUES ('CPA', 'PRJ666', 'Y');
INSERT INTO a2JNC_Prog_Courses (progCode, courseCode, isActive) VALUES ('CPA', 'CVI620', 'Y');
INSERT INTO a2JNC_Prog_Courses (progCode, courseCode, isActive) VALUES ('CPA', 'DBS501', 'Y');
INSERT INTO a2JNC_Prog_Courses (progCode, courseCode, isActive) VALUES ('CPA', 'DBT544', 'Y');
INSERT INTO a2JNC_Prog_Courses (progCode, courseCode, isActive) VALUES ('CPA', 'DSA555', 'Y');
INSERT INTO a2JNC_Prog_Courses (progCode, courseCode, isActive) VALUES ('CPA', 'MAP523', 'Y');
INSERT INTO a2JNC_Prog_Courses (progCode, courseCode, isActive) VALUES ('CPA', 'MAP525', 'Y');
INSERT INTO a2JNC_Prog_Courses (progCode, courseCode, isActive) VALUES ('CPA', 'SDR520', 'Y');
INSERT INTO a2JNC_Prog_Courses (progCode, courseCode, isActive) VALUES ('CPA', 'WEB524', 'Y');



--insert records to a2JNC_Students_Section
--Jiawei's records.
INSERT INTO a2JNC_Students_Section (sectionID, studentID, isActive, marks) VALUES (1, 121134183, 'N', 93);
INSERT INTO a2JNC_Students_Section (sectionID, studentID, isActive, marks) VALUES (2, 121134183, 'N', 67);
INSERT INTO a2JNC_Students_Section (sectionID, studentID, isActive, marks) VALUES (3, 121134183, 'N', 77);
INSERT INTO a2JNC_Students_Section (sectionID, studentID, isActive, marks) VALUES (4, 121134183, 'N', 91);
INSERT INTO a2JNC_Students_Section (sectionID, studentID, isActive, marks) VALUES (5, 121134183, 'N', 100);
INSERT INTO a2JNC_Students_Section (sectionID, studentID, isActive, marks) VALUES (6, 121134183, 'N', 78);
INSERT INTO a2JNC_Students_Section (sectionID, studentID, isActive, marks) VALUES (7, 121134183, 'N', 88);
INSERT INTO a2JNC_Students_Section (sectionID, studentID, isActive, marks) VALUES (8, 121134183, 'N', 92);
INSERT INTO a2JNC_Students_Section (sectionID, studentID, isActive, marks) VALUES (9, 121134183, 'N', 82);
INSERT INTO a2JNC_Students_Section (sectionID, studentID, isActive, marks) VALUES (10, 121134183, 'N', 86);
INSERT INTO a2JNC_Students_Section (sectionID, studentID, isActive, marks) VALUES (11, 121134183, 'Y', null);
INSERT INTO a2JNC_Students_Section (sectionID, studentID, isActive, marks) VALUES (12, 121134183, 'Y', null);
INSERT INTO a2JNC_Students_Section (sectionID, studentID, isActive, marks) VALUES (13, 121134183, 'Y', null);
INSERT INTO a2JNC_Students_Section (sectionID, studentID, isActive, marks) VALUES (14, 121134183, 'Y', null);
INSERT INTO a2JNC_Students_Section (sectionID, studentID, isActive, marks) VALUES (15, 121134183, 'Y', null);

INSERT INTO a2JNC_Students_Section (sectionID, studentID, isActive, marks) VALUES (16, 121134183, 'N', null);
INSERT INTO a2JNC_Students_Section (sectionID, studentID, isActive, marks) VALUES (17, 121134183, 'N', null);
INSERT INTO a2JNC_Students_Section (sectionID, studentID, isActive, marks) VALUES (18, 121134183, 'N', null);
INSERT INTO a2JNC_Students_Section (sectionID, studentID, isActive, marks) VALUES (19, 121134183, 'N', null);
INSERT INTO a2JNC_Students_Section (sectionID, studentID, isActive, marks) VALUES (20, 121134183, 'N', null);
INSERT INTO a2JNC_Students_Section (sectionID, studentID, isActive, marks) VALUES (21, 121134183, 'N', null);
INSERT INTO a2JNC_Students_Section (sectionID, studentID, isActive, marks) VALUES (22, 121134183, 'N', null);
INSERT INTO a2JNC_Students_Section (sectionID, studentID, isActive, marks) VALUES (23, 121134183, 'N', null);
INSERT INTO a2JNC_Students_Section (sectionID, studentID, isActive, marks) VALUES (24, 121134183, 'N', null);
INSERT INTO a2JNC_Students_Section (sectionID, studentID, isActive, marks) VALUES (25, 121134183, 'N', null);
INSERT INTO a2JNC_Students_Section (sectionID, studentID, isActive, marks) VALUES (26, 121134183, 'N', null);
INSERT INTO a2JNC_Students_Section (sectionID, studentID, isActive, marks) VALUES (27, 121134183, 'N', null);
INSERT INTO a2JNC_Students_Section (sectionID, studentID, isActive, marks) VALUES (28, 121134183, 'N', null);
INSERT INTO a2JNC_Students_Section (sectionID, studentID, isActive, marks) VALUES (29, 121134183, 'N', null);

-- Yushi
INSERT INTO a2JNC_Students_Section (sectionID, studentID, isActive, marks) VALUES (30, 142358167, 'N', 89);
INSERT INTO a2JNC_Students_Section (sectionID, studentID, isActive, marks) VALUES (2, 142358167, 'N', 90);
INSERT INTO a2JNC_Students_Section (sectionID, studentID, isActive, marks) VALUES (3, 142358167, 'N', 93);
INSERT INTO a2JNC_Students_Section (sectionID, studentID, isActive, marks) VALUES (4, 142358167, 'N', 88);
INSERT INTO a2JNC_Students_Section (sectionID, studentID, isActive, marks) VALUES (5, 142358167, 'N', 89);
INSERT INTO a2JNC_Students_Section (sectionID, studentID, isActive, marks) VALUES (31, 142358167, 'N', 85);
INSERT INTO a2JNC_Students_Section (sectionID, studentID, isActive, marks) VALUES (32, 142358167, 'N', 96);
INSERT INTO a2JNC_Students_Section (sectionID, studentID, isActive, marks) VALUES (33, 142358167, 'N', 91);
INSERT INTO a2JNC_Students_Section (sectionID, studentID, isActive, marks) VALUES (34, 142358167, 'N', 85);
INSERT INTO a2JNC_Students_Section (sectionID, studentID, isActive, marks) VALUES (35, 142358167, 'N', 88);
INSERT INTO a2JNC_Students_Section (sectionID, studentID, isActive, marks) VALUES (36, 142358167, 'Y', null);
INSERT INTO a2JNC_Students_Section (sectionID, studentID, isActive, marks) VALUES (12, 142358167, 'Y', null);
INSERT INTO a2JNC_Students_Section (sectionID, studentID, isActive, marks) VALUES (37, 142358167, 'Y', null);
INSERT INTO a2JNC_Students_Section (sectionID, studentID, isActive, marks) VALUES (14, 142358167, 'Y', null);
INSERT INTO a2JNC_Students_Section (sectionID, studentID, isActive, marks) VALUES (15, 142358167, 'Y', null);

INSERT INTO a2JNC_Students_Section (sectionID, studentID, isActive, marks) VALUES (16, 142358167, 'N', null);
INSERT INTO a2JNC_Students_Section (sectionID, studentID, isActive, marks) VALUES (17, 142358167, 'N', null);
INSERT INTO a2JNC_Students_Section (sectionID, studentID, isActive, marks) VALUES (18, 142358167, 'N', null);
INSERT INTO a2JNC_Students_Section (sectionID, studentID, isActive, marks) VALUES (19, 142358167, 'N', null);
INSERT INTO a2JNC_Students_Section (sectionID, studentID, isActive, marks) VALUES (20, 142358167, 'N', null);
INSERT INTO a2JNC_Students_Section (sectionID, studentID, isActive, marks) VALUES (21, 142358167, 'N', null);
INSERT INTO a2JNC_Students_Section (sectionID, studentID, isActive, marks) VALUES (22, 142358167, 'N', null);
INSERT INTO a2JNC_Students_Section (sectionID, studentID, isActive, marks) VALUES (23, 142358167, 'N', null);
INSERT INTO a2JNC_Students_Section (sectionID, studentID, isActive, marks) VALUES (24, 142358167, 'N', null);
INSERT INTO a2JNC_Students_Section (sectionID, studentID, isActive, marks) VALUES (25, 142358167, 'N', null);
INSERT INTO a2JNC_Students_Section (sectionID, studentID, isActive, marks) VALUES (26, 142358167, 'N', null);
INSERT INTO a2JNC_Students_Section (sectionID, studentID, isActive, marks) VALUES (27, 142358167, 'N', null);
INSERT INTO a2JNC_Students_Section (sectionID, studentID, isActive, marks) VALUES (28, 142358167, 'N', null);
INSERT INTO a2JNC_Students_Section (sectionID, studentID, isActive, marks) VALUES (29, 142358167, 'N', null);

--Sumanth

INSERT INTO a2JNC_Students_Section (sectionID, studentID, isActive, marks) VALUES (38, 150249183, 'N', 89);
INSERT INTO a2JNC_Students_Section (sectionID, studentID, isActive, marks) VALUES (39, 150249183, 'N', 90);
INSERT INTO a2JNC_Students_Section (sectionID, studentID, isActive, marks) VALUES (40, 150249183, 'N', 93);
INSERT INTO a2JNC_Students_Section (sectionID, studentID, isActive, marks) VALUES (41, 150249183, 'N', 88);
INSERT INTO a2JNC_Students_Section (sectionID, studentID, isActive, marks) VALUES (42, 150249183, 'N', 89);
INSERT INTO a2JNC_Students_Section (sectionID, studentID, isActive, marks) VALUES (31, 150249183, 'N', 85);
INSERT INTO a2JNC_Students_Section (sectionID, studentID, isActive, marks) VALUES (32, 150249183, 'N', 96);
INSERT INTO a2JNC_Students_Section (sectionID, studentID, isActive, marks) VALUES (33, 150249183, 'N', 91);
INSERT INTO a2JNC_Students_Section (sectionID, studentID, isActive, marks) VALUES (34, 150249183, 'N', 85);
INSERT INTO a2JNC_Students_Section (sectionID, studentID, isActive, marks) VALUES (35, 150249183, 'N', 88);
INSERT INTO a2JNC_Students_Section (sectionID, studentID, isActive, marks) VALUES (36, 150249183, 'Y', null);
INSERT INTO a2JNC_Students_Section (sectionID, studentID, isActive, marks) VALUES (12, 150249183, 'Y', null);
INSERT INTO a2JNC_Students_Section (sectionID, studentID, isActive, marks) VALUES (37, 150249183, 'Y', null);
INSERT INTO a2JNC_Students_Section (sectionID, studentID, isActive, marks) VALUES (14, 150249183, 'Y', null);
INSERT INTO a2JNC_Students_Section (sectionID, studentID, isActive, marks) VALUES (15, 150249183, 'Y', null);

INSERT INTO a2JNC_Students_Section (sectionID, studentID, isActive, marks) VALUES (16, 150249183, 'N', null);
INSERT INTO a2JNC_Students_Section (sectionID, studentID, isActive, marks) VALUES (17, 150249183, 'N', null);
INSERT INTO a2JNC_Students_Section (sectionID, studentID, isActive, marks) VALUES (18, 150249183, 'N', null);
INSERT INTO a2JNC_Students_Section (sectionID, studentID, isActive, marks) VALUES (19, 150249183, 'N', null);
INSERT INTO a2JNC_Students_Section (sectionID, studentID, isActive, marks) VALUES (23, 150249183, 'N', null);

--Pei
--SELECT * FROM a2JNC_Students_Section;
--SELECT * FROM a2Sections;
INSERT INTO a2JNC_Students_Section (sectionID, studentID, isActive, marks) VALUES (43, 144341187, 'N', 85);
INSERT INTO a2JNC_Students_Section (sectionID, studentID, isActive, marks) VALUES (44, 144341187, 'N', 87);
INSERT INTO a2JNC_Students_Section (sectionID, studentID, isActive, marks) VALUES (45, 144341187, 'N', 83);
INSERT INTO a2JNC_Students_Section (sectionID, studentID, isActive, marks) VALUES (46, 144341187, 'N', 94);
INSERT INTO a2JNC_Students_Section (sectionID, studentID, isActive, marks) VALUES (47, 144341187, 'N', 70);

INSERT INTO a2JNC_Students_Section (sectionID, studentID, isActive, marks) VALUES (48, 144341187, 'N', 95);
INSERT INTO a2JNC_Students_Section (sectionID, studentID, isActive, marks) VALUES (49, 144341187, 'N', 86);
INSERT INTO a2JNC_Students_Section (sectionID, studentID, isActive, marks) VALUES (10, 144341187, 'N', 95);
INSERT INTO a2JNC_Students_Section (sectionID, studentID, isActive, marks) VALUES (7, 144341187, 'N', 87);

INSERT INTO a2JNC_Students_Section (sectionID, studentID, isActive, marks) VALUES (50, 144341187, 'N', 71);
INSERT INTO a2JNC_Students_Section (sectionID, studentID, isActive, marks) VALUES (51, 144341187, 'N', 82);
INSERT INTO a2JNC_Students_Section (sectionID, studentID, isActive, marks) VALUES (52, 144341187, 'N', 82);

INSERT INTO a2JNC_Students_Section (sectionID, studentID, isActive, marks) VALUES (11, 144341187, 'Y', null);
INSERT INTO a2JNC_Students_Section (sectionID, studentID, isActive, marks) VALUES (12, 144341187, 'Y', null);
INSERT INTO a2JNC_Students_Section (sectionID, studentID, isActive, marks) VALUES (14, 144341187, 'Y', null);
INSERT INTO a2JNC_Students_Section (sectionID, studentID, isActive, marks) VALUES (15, 144341187, 'Y', null);

INSERT INTO a2JNC_Students_Section (sectionID, studentID, isActive, marks) VALUES (53, 144341187, 'N', null);
INSERT INTO a2JNC_Students_Section (sectionID, studentID, isActive, marks) VALUES (54, 144341187, 'N', null);
INSERT INTO a2JNC_Students_Section (sectionID, studentID, isActive, marks) VALUES (55, 144341187, 'N', null);
INSERT INTO a2JNC_Students_Section (sectionID, studentID, isActive, marks) VALUES (56, 144341187, 'N', null);

COMMIT;


/*
ALTER TABLE  a2Programs
    DROP CONSTRAINT a2Departments_a2Programs_FK;  
ALTER TABLE  a2Professors
    DROP CONSTRAINT a2Professors_a2Employees_FK;
ALTER TABLE  a2Advisors
    DROP CONSTRAINT a2Advisors_a2Employees_FK;
ALTER TABLE  a2Students
    DROP CONSTRAINT a2Students_a2Advisors_FK;
ALTER TABLE  a2Students
    DROP CONSTRAINT a2Students_a2Advisors_FK;
ALTER TABLE  a2Students
    DROP CONSTRAINT a2Students_a2Countries_FK ;  
ALTER TABLE  a2Students
    DROP CONSTRAINT a2Students_a2Countries_FK;
ALTER TABLE a2JNC_Prog_Students
    DROP CONSTRAINT a2JNC_P_S_a2Programs_FK;    
ALTER TABLE a2JNC_Prog_Students
    DROP CONSTRAINT a2JNC_P_S_a2Students_FK;    
ALTER TABLE a2JNC_Prog_Courses
    DROP CONSTRAINT a2JNC_P_C_a2Programs_FK;    
ALTER TABLE a2JNC_Prog_Courses
    DROP CONSTRAINT a2JNC_P_C_a2Courses_FK;        
ALTER TABLE a2JNC_Students_Courses
    DROP CONSTRAINT a2JNC_S_C_a2Courses_FK; 
ALTER TABLE a2JNC_Students_Courses
   DROP CONSTRAINT a2JNC_S_C_a2Students_FK;  
ALTER TABLE a2Sections
    DROP CONSTRAINT a2Sections_a2Courses_FK;
ALTER TABLE a2Sections
    DROP CONSTRAINT a2Sections_a2Term_FK ;       
ALTER TABLE a2Sections
    DROP CONSTRAINT a2Sections_a2Professors_FK;    
    
DROP TABLE a2JNC_Prog_Students;
DROP TABLE a2JNC_Prog_Courses;
DROP TABLE a2JNC_Students_Section;
DROP TABLE a2Sections; 
DROP TABLE a2Students;
DROP TABLE a2Advisors;
DROP TABLE a2Programs;
DROP TABLE a2Professors;
DROP TABLE a2Courses;
DROP TABLE a2Term;
DROP TABLE a2Countries; 
DROP TABLE a2Employees;
DROP TABLE a2Departments;
*/


--Create views
--i. Student Transcript that contains all courses, marks for each student
CREATE OR REPLACE VIEW a2VIEW1 AS
    SELECT st.firstname||' '||st.lastname AS Name,
            st.studentId AS StudentID,
            t.termcode AS Term,
            c.coursecode AS courseCode,
            j1.marks
        FROM a2term t JOIN a2sections s ON t.termCode=s.termCode
                JOIN a2courses c ON c.courseCode=s.coursecode
                JOIN a2JNC_STUDENTS_SECTION j1 ON j1.sectionid=s.sectionid
                JOIN a2students st ON j1.studentId=st.studentId;

SELECT * FROM a2VIEW1
    WHERE StudentID LIKE upper('&Student_ID%')
    ORDER BY Name,Term;

--ii. Class list for students enrolled in particular course section
CREATE OR REPLACE VIEW a2View2 AS
    SELECT DISTINCT s.firstName || ' ' || s.lastName AS Name,
            c.courseCode AS Course,
            sc.sectionLetter AS Section
        FROM a2students s JOIN a2JNC_PROG_STUDENTS j1 ON j1.studentID=s.studentID
                JOIN a2Programs p ON p.progCode=j1.progCode
                JOIN a2JNC_PROG_COURSES j2 ON j2.progCode=p.progCode
                JOIN a2Courses c ON c.courseCode=j2.courseCode
                JOIN a2Sections sc ON sc.courseCode = c.courseCode;

SELECT * FROM a2View2 
    WHERE upper(course) LIKE upper('&courseCode%')
        AND upper(section) LIKE upper('&SectionLetter%')
    ORDER BY name;

--iii. Average mark of each section and professor who instructed
CREATE OR REPLACE VIEW a2VIEW3 AS
    SELECT AVG(j1.marks) AS AVG_Grade,
            s.sectionId AS SectionID,
            s.profId AS Prof#,
            e.firstname AS Prof_FName,
            e.lastname AS Prof_LName
        FROM a2JNC_STUDENTS_SECTION j1 JOIN a2sections s ON s.sectionId=j1.sectionId
                JOIN a2Professors p ON s.profId=p.empId
                JOIN a2employees e ON e.empId=p.empId
        GROUP BY s.sectionId,s.profId,e.firstname,e.lastname;
        
        
SELECT * FROM a2VIEW3
    WHERE AVG_Grade IS NOT NULL
    ORDER BY AVG_Grade;

--iv. An output of all the courses required for each program sorted by program name and the term required.

CREATE OR REPLACE VIEW a2VIEW4 AS
    SELECT progCode AS Program, 
            courseCode AS Course,
            (CASE
                WHEN courseCode LIKE '___1__'
                THEN 1
                WHEN courseCode LIKE '___2__'
                THEN 2
                WHEN courseCode LIKE '___3__'
                THEN 3
                WHEN courseCode LIKE '___4__'
                THEN 4
                WHEN courseCode LIKE '___5__'
                THEN 5
                WHEN courseCode LIKE '___6__'
                THEN 6
                WHEN courseCode LIKE '___7__'
                THEN 7
                WHEN courseCode LIKE '___8__'
                THEN 8
            END) AS CoursetermRequired
        FROM a2JNC_Prog_Courses;


SELECT * FROM a2VIEW4        
    ORDER BY Program, coursetermrequired;


--v. Term specific list of which profs are teaching which courses and how many students are enrolled in each course

CREATE OR REPLACE VIEW a2VIEW5 AS
SELECT t.termCode,
        t.termName,
        s.sectionId,
        e.firstname,
        count(j1.studentId) AS studentcount,
        c.coursecode,
        c.courseName
    FROM a2term t JOIN a2sections s ON s.termcode=t.termcode
            JOIN a2professors p ON s.profId=p.empId
            JOIN a2employees e ON p.empId=e.empId
            JOIN a2courses c ON c.courseCode=s.courseCode
            JOIN a2JNC_STUDENTS_SECTION j1 ON j1.sectionId=s.sectionId
    GROUP BY t.termCode,t.termName,e.firstname,c.coursecode,c.courseName,s.sectionId;


SELECT * FROM a2VIEW5
    WHERE upper(firstname) NOT IN ('UNKOWN')
    ORDER BY termCode;

/*
DROP VIEW a2VIEW1;
DROP VIEW a2VIEW2;
DROP VIEW a2VIEW3;
DROP VIEW a2VIEW4;
DROP VIEW a2VIEW5;
*/

